x,linear,exponential
0.000000,3.776736,3.776736
0.909091,5.213925,3.681252
1.818182,6.282923,3.244748
2.727273,9.325471,4.811552
3.636364,11.004530,5.047456
4.545455,11.319099,3.954561
5.454545,13.852177,5.119264
6.363636,16.381589,6.323107
7.272727,18.341372,7.004205
8.181818,18.469095,5.904585
9.090909,20.458794,6.723171
10.000000,23.858053,9.012898
